avg_size,stability,start,end
7.0,2.807354922057604,1529012632,1529016234
1.0,-0.0,1528998217,1528999419
1.0,-0.0,1529000377,1529003079
5.0,2.516118213778296,1529006600,1529008102
6.0,2.584962500721156,1529027087,1529031589
7.0,2.9232517969803373,1529021661,1529023763
