avg_size,stability,start,end
6.0,2.584962500721156,1529012541,1529016293
1.0,-0.0,1528998217,1528999419
1.0,-0.0,1529000377,1529003079
4.0,2.5,1529006600,1529008102
7.0,2.807354922057604,1529027087,1529031589
4.3,2.5167392579392063,1529021661,1529023763
