avg_size,stability,start,end
7.0,2.9104875070415126,1529012632,1529016234
1.0,-0.0,1528998217,1528999419
1.0,-0.0,1529000377,1529003079
5.0,2.321928094887362,1529006600,1529008102
4.0,2.5527241956246547,1529027087,1529031589
6.0,2.9134542664636007,1529021661,1529023763
