avg_size,stability,start,end
6.0,2.584962500721156,1529012514,1529016293
1.0,-0.0,1528998217,1528999419
1.0,-0.0,1529000377,1529003079
6.0,2.584962500721156,1529027087,1529031589
6.0,2.70528384986905,1529006600,1529008102
6.0,2.584962500721156,1529021661,1529023763
